{"stats":{"minecraft:dropped":{"minecraft:elytra":1},"minecraft:custom":{"minecraft:time_since_rest":235,"minecraft:open_chest":2,"minecraft:play_time":10432,"minecraft:sprint_one_cm":16511,"minecraft:walk_one_cm":5957,"minecraft:damage_taken":535,"minecraft:deaths":2,"minecraft:walk_under_water_one_cm":20110,"minecraft:drop":1,"minecraft:aviate_one_cm":392529,"minecraft:jump":192,"minecraft:leave_game":1,"minecraft:time_since_death":174,"minecraft:walk_on_water_one_cm":4659,"minecraft:total_world_time":10432,"minecraft:swim_one_cm":5082,"minecraft:fall_one_cm":10261,"minecraft:fly_one_cm":96996},"minecraft:picked_up":{"minecraft:dirt":5},"minecraft:killed_by":{"minecraft:drowned":1},"minecraft:mined":{"minecraft:grass_block":1,"minecraft:dirt":4,"minecraft:tall_grass":3},"minecraft:used":{"minecraft:firework_rocket":20,"minecraft:dirt":6,"minecraft:grass_block":6,"minecraft:elytra":2,"minecraft:stone":46,"minecraft:granite":5}},"DataVersion":3120}